id,full_name,passport_id,email,gender,date_of_Birth,vaccination_status,Mobile
1,Torie Larmet,557-84-6965,tlarmet0@live.com,Female,7/31/1966,No,842-788-7099
2,Karola Tite,622-68-1236,ktite1@google.com.hk,Female,7/11/2003,No,119-660-6674
3,Cordey Sturdgess,677-77-6031,csturdgess2@irs.gov,Male,5/10/1982,No,975-569-9908
4,Ardeen Spearing,668-58-7362,aspearing3@noaa.gov,Female,11/18/1960,Yes,829-543-1816
5,Herold Blannin,415-90-0513,hblannin4@furl.net,Female,9/23/1994,Yes,800-281-2517
6,Hazel Oldred,872-44-1759,holdred5@homestead.com,Female,7/1/2004,No,217-112-4416
7,Min Row,366-36-7632,mrow6@illinois.edu,Female,8/8/1950,Yes,877-505-5262
8,Bondie Reboul,389-06-6393,breboul7@princeton.edu,Male,8/2/1954,Yes,968-704-8319
9,Sheffield Sybry,345-28-9675,ssybry8@soundcloud.com,Male,6/5/1988,Yes,454-148-3478
10,Val Cartmill,502-34-5898,vcartmill9@mail.ru,Female,1/8/1994,Yes,139-227-8956
11,Levin Haslum,695-21-5552,lhasluma@home.pl,Male,10/10/2002,Yes,469-805-5606
12,Cati Stebbings,110-70-9162,cstebbingsb@artisteer.com,Female,10/14/1980,No,788-879-0918
13,Allison Hodgin,706-27-6989,ahodginc@yahoo.com,Female,4/21/1966,Yes,585-894-4672
14,Gabie Friday,365-44-1736,gfridayd@linkedin.com,Female,2/2/2005,Yes,965-729-6154
15,Wenonah Birkenhead,457-53-4515,wbirkenheade@columbia.edu,Female,5/6/1981,No,121-233-5611
16,Gilberta Huckstepp,851-97-0779,ghucksteppf@google.com.hk,Male,2/5/2007,Yes,234-842-0031
17,Eleanore D'Aguanno,581-90-9324,edaguannog@goo.gl,Male,8/25/1965,Yes,429-827-0686
18,Ronnie Lowre,343-75-2925,rlowreh@tripod.com,Female,10/3/1983,No,450-152-7416
19,Hoebart Tunuy,194-20-2279,htunuyi@amazon.de,Female,11/16/2016,No,594-105-8078
20,Vergil Hazeldine,292-08-5807,vhazeldinej@alibaba.com,Male,8/26/1953,No,968-319-8419
21,Harriott Scambler,102-55-4507,hscamblerk@icq.com,Male,4/8/1967,Yes,723-770-5610
22,Roze Duffree,318-63-2867,rduffreel@joomla.org,Female,3/23/2002,No,255-735-3065
23,Hugibert Cram,394-98-2733,hcramm@google.fr,Female,6/27/2009,Yes,412-453-7382
24,Laurella Pridgeon,197-33-4547,lpridgeonn@elpais.com,Male,7/25/2003,Yes,211-928-8968
25,Cinda Breach,176-99-8604,cbreacho@skype.com,Female,9/28/1960,Yes,278-595-5044
26,Hermann Petras,375-82-8961,hpetrasp@myspace.com,Male,6/3/1992,No,453-735-1521
27,Arielle Thynn,347-60-2091,athynnq@slashdot.org,Male,7/2/1998,Yes,848-993-1279
28,Ericka Kirmond,655-97-4491,ekirmondr@imageshack.us,Female,7/10/2003,Yes,238-405-7771
29,Miriam Shackle,586-43-1729,mshackles@jimdo.com,Male,11/25/2008,Yes,314-460-5838
30,Dion Bidmead,428-67-1329,dbidmeadt@sakura.ne.jp,Female,4/28/1960,Yes,901-102-8313
31,Belita Stiddard,532-98-5930,bstiddardu@clickbank.net,Male,7/22/1965,Yes,245-177-2017
32,Sheilakathryn Gritsunov,154-13-0884,sgritsunovv@bing.com,Male,3/1/1977,No,202-369-4514
33,Meg Simonou,676-79-7811,msimonouw@naver.com,Male,11/30/1955,No,690-316-6884
34,Annaliese Fiddy,485-74-2472,afiddyx@livejournal.com,Male,12/28/1981,No,530-371-5602
35,Claretta Doig,778-56-7948,cdoigy@unesco.org,Female,10/8/1984,No,486-712-2736
36,Carney Brane,613-33-1115,cbranez@umich.edu,Male,8/8/1974,No,585-540-0568
37,Jayne Bertson,852-69-4831,jbertson10@dion.ne.jp,Male,4/26/1966,No,156-411-3294
38,Nealon Voules,322-73-0178,nvoules11@xinhuanet.com,Male,8/22/1993,Yes,658-291-0286
39,Hermine Harkins,393-73-3273,hharkins12@printfriendly.com,Female,12/9/1963,No,304-106-4532
40,Libbie Kempe,510-71-3853,lkempe13@cbslocal.com,Female,5/8/1987,No,405-828-3083
41,Phaedra Behnen,898-08-0869,pbehnen14@ezinearticles.com,Female,10/11/1964,No,611-571-2117
42,Dominica Brownett,528-78-4539,dbrownett15@boston.com,Female,7/16/2002,Yes,547-490-5897
43,Starla Kaming,863-37-4995,skaming16@desdev.cn,Female,10/26/1967,Yes,813-721-4488
44,Camella Maleham,573-53-5468,cmaleham17@nytimes.com,Male,7/9/1985,Yes,890-790-2604
45,Elianora Dollman,615-31-9774,edollman18@github.com,Female,1/20/1986,No,401-168-1007
46,Hadrian Harflete,141-66-8231,hharflete19@blogger.com,Female,12/2/1977,Yes,791-683-8075
47,Anna-diane Passfield,710-18-0319,apassfield1a@addthis.com,Male,2/21/1981,Yes,936-650-1234
48,Bekki Eddolls,826-51-9504,beddolls1b@shareasale.com,Female,10/24/2011,Yes,739-440-6110
49,Sidoney Lippo,366-71-9712,slippo1c@alexa.com,Male,8/9/1951,No,523-453-8287
50,Dory Dunwoody,724-12-9129,ddunwoody1d@mit.edu,Male,8/28/1997,No,265-852-4275
